[
    {"model": "home.EquipmentType", "pk": 1, "fields": {"name": "PC Portable"}},
    {"model": "home.EquipmentType", "pk": 2, "fields": {"name": "PC Fixe"}},
    {"model": "home.EquipmentType", "pk": 3, "fields": {"name": "Écran"}},
    {"model": "home.EquipmentType", "pk": 4, "fields": {"name": "Imprimante"}},
    {"model": "home.EquipmentType", "pk": 5, "fields": {"name": "Autre"}},

    {"model": "home.Brand", "pk": 1, "fields": {"name": "Dell"}},
    {"model": "home.Brand", "pk": 2, "fields": {"name": "HP"}},
    {"model": "home.Brand", "pk": 3, "fields": {"name": "Lenovo"}},
    {"model": "home.Brand", "pk": 4, "fields": {"name": "Asus"}},
    {"model": "home.Brand", "pk": 5, "fields": {"name": "Canon"}},
    {"model": "home.Brand", "pk": 6, "fields": {"name": "Epson"}},

    {"model": "home.Site", "pk": 1, "fields": {"name": "Poitiers"}},
    {"model": "home.Site", "pk": 2, "fields": {"name": "Niort"}},
    {"model": "home.Site", "pk": 3, "fields": {"name": "La Rochelle"}},

    {"model": "home.Employee", "pk": 1, "fields": {"full_name": "Jean Dupont", "sites": [1, 2]}},
    {"model": "home.Employee", "pk": 2, "fields": {"full_name": "Marie Martin", "sites": [1]}},
    {"model": "home.Employee", "pk": 3, "fields": {"full_name": "Sophie Legrand", "sites": [2]}},
    {"model": "home.Employee", "pk": 4, "fields": {"full_name": "Paul Durand", "sites": [3]}},
    {"model": "home.Employee", "pk": 5, "fields": {"full_name": "Lucie Bernard", "sites": [1, 3]}},
    {"model": "home.Employee", "pk": 6, "fields": {"full_name": "Thomas Moreau", "sites": [2]}},
    {"model": "home.Employee", "pk": 7, "fields": {"full_name": "Alice Roux", "sites": [1]}},
    {"model": "home.Employee", "pk": 8, "fields": {"full_name": "Nicolas Petit", "sites": [2, 3]}},

    {"model": "home.InventoryItem", "pk": 1, "fields": {"type": 1, "brand": 1, "model": "Latitude 5410", "serial_number": "DL123456789", "assigned_to": 1, "site": [1, 2], "purchase_date": "2023-05-15", "notes": "PC itinérant IT"}},
    {"model": "home.InventoryItem", "pk": 2, "fields": {"type": 1, "brand": 2, "model": "EliteBook 840 G7", "serial_number": "HP987654321", "assigned_to": 2, "site": [1], "purchase_date": "2022-11-20", "notes": null}},
    {"model": "home.InventoryItem", "pk": 3, "fields": {"type": 2, "brand": 3, "model": "ThinkCentre M720", "serial_number": "LN456789123", "assigned_to": null, "site": [2], "purchase_date": "2023-01-10", "notes": "Stock Compta"}},
    {"model": "home.InventoryItem", "pk": 4, "fields": {"type": 3, "brand": 1, "model": "UltraSharp 27", "serial_number": "DLMON789456", "assigned_to": 3, "site": [2], "purchase_date": "2024-03-22", "notes": "Écran Design"}},
    {"model": "home.InventoryItem", "pk": 5, "fields": {"type": 4, "brand": 5, "model": "PIXMA TS8050", "serial_number": "CN123456789", "assigned_to": null, "site": [1], "purchase_date": "2022-07-01", "notes": "Accueil"}},
    {"model": "home.InventoryItem", "pk": 6, "fields": {"type": 1, "brand": 4, "model": "ZenBook Pro", "serial_number": "AS789123456", "assigned_to": 4, "site": [3], "purchase_date": "2023-09-05", "notes": "PC Direction"}},
    {"model": "home.InventoryItem", "pk": 7, "fields": {"type": 3, "brand": 2, "model": "ProDisplay P24", "serial_number": "HP456789123", "assigned_to": 5, "site": [1, 3], "purchase_date": "2023-12-15", "notes": null}},
    {"model": "home.InventoryItem", "pk": 8, "fields": {"type": 4, "brand": 6, "model": "WorkForce WF-7720", "serial_number": "EP987654321", "assigned_to": null, "site": [3], "purchase_date": "2022-04-10", "notes": "Reprographie"}},
    {"model": "home.InventoryItem", "pk": 9, "fields": {"type": 2, "brand": 1, "model": "OptiPlex 3080", "serial_number": "DL789123456", "assigned_to": 6, "site": [2], "purchase_date": "2023-06-30", "notes": "Serveur"}},
    {"model": "home.InventoryItem", "pk": 10, "fields": {"type": 5, "brand": 3, "model": "ThinkPad Dock", "serial_number": "LN123789456", "assigned_to": null, "site": [2], "purchase_date": "2024-01-12", "notes": "Station d'accueil"}},
    {"model": "home.InventoryItem", "pk": 11, "fields": {"type": 1, "brand": 1, "model": "Precision 3551", "serial_number": "DL551122334", "assigned_to": 7, "site": [1], "purchase_date": "2023-02-14", "notes": "Workstation"}},
    {"model": "home.InventoryItem", "pk": 12, "fields": {"type": 3, "brand": 3, "model": "ThinkVision T24", "serial_number": "LNTV998877", "assigned_to": 8, "site": [3], "purchase_date": "2024-05-10", "notes": "Double écran"}},
    {"model": "home.InventoryItem", "pk": 13, "fields": {"type": 2, "brand": 2, "model": "ProDesk 600", "serial_number": "HPPD112233", "assigned_to": null, "site": [1], "purchase_date": "2023-08-12", "notes": "Spare"}},
    {"model": "home.InventoryItem", "pk": 14, "fields": {"type": 1, "brand": 3, "model": "ThinkPad L14", "serial_number": "LNL14009911", "assigned_to": 1, "site": [1, 2], "purchase_date": "2023-11-01", "notes": "Second PC"}},
    {"model": "home.InventoryItem", "pk": 15, "fields": {"type": 3, "brand": 1, "model": "P2419H", "serial_number": "DLP2419H01", "assigned_to": 2, "site": [1], "purchase_date": "2022-03-20", "notes": null}},
    {"model": "home.InventoryItem", "pk": 16, "fields": {"type": 4, "brand": 2, "model": "LaserJet Pro", "serial_number": "HPLJ776655", "assigned_to": null, "site": [2], "purchase_date": "2023-10-15", "notes": "RH"}},
    {"model": "home.InventoryItem", "pk": 17, "fields": {"type": 1, "brand": 1, "model": "XPS 15", "serial_number": "DLXPS1599", "assigned_to": 8, "site": [2], "purchase_date": "2024-06-01", "notes": "Dev Mobile"}},
    {"model": "home.InventoryItem", "pk": 18, "fields": {"type": 5, "brand": 2, "model": "USB-C Dock G5", "serial_number": "HPG5DOCK01", "assigned_to": 3, "site": [2], "purchase_date": "2023-04-22", "notes": null}},
    {"model": "home.InventoryItem", "pk": 19, "fields": {"type": 2, "brand": 3, "model": "IdeaCentre 5", "serial_number": "LNID554433", "assigned_to": null, "site": [3], "purchase_date": "2022-09-30", "notes": "Showroom"}},
    {"model": "home.InventoryItem", "pk": 20, "fields": {"type": 1, "brand": 2, "model": "ZBook Studio", "serial_number": "HPZB990011", "assigned_to": 5, "site": [1], "purchase_date": "2024-02-10", "notes": "Montage Vidéo"}}
]